<?xml version="1.0" encoding="UTF-8"?>
<project-private xmlns="http://www.netbeans.org/ns/project-private/1">
    <editor-bookmarks xmlns="http://www.netbeans.org/ns/editor-bookmarks/2" lastBookmarkId="0"/>
    <open-files xmlns="http://www.netbeans.org/ns/projectui-open-files/2">
        <group>
            <file>file:/D:/java%20web/image%20path/web/newjsp1.jsp</file>
            <file>file:/D:/java%20web/image%20path/web/imag%20path.jsp</file>
            <file>file:/D:/java%20web/image%20path/src/java/imagservlet/imagservlet.java</file>
            <file>file:/D:/java%20web/image%20path/web/newjsp.jsp</file>
        </group>
    </open-files>
</project-private>
